index,account,date,caption,accessibility_caption,hashtags,id,url,display_photo,is_event,event_details
0,uwengsoc,2024-07-15 23:32:03,Happy Monday again!! Take a look at the week ahead!,"Photo by Waterloo Engineering Society on July 15, 2024. May be an illustration of card, calendar, poster, clipboard and text that says 'WEEKLY CALENDAR 15 JULY- 21 JULY ENGINEERING Monday WA Engiqueers 6-9pm, 6-9pm,POETS POETS Tuesday EDI Office Hour 2-2ï¼š45pm, 2-2:45pm,E5 E5 Wednesday ScavEng Finishes Stem Cell Registry 1-3pm E7 First Floor Networking Event 5-8pm E5 IDEAS Thursday Drench and Dye 5:30-6:30pm, CPH CPHCourtyard Friday Saturday Sunday Other Information EDI Office Hour Elders Garden (4th Floor E5) Rainy Days: 3rd Floor E5 POETS Hours M-F: 8:30am-5pm Affiliate Events Check out @nsbe.uwaterioo & @uwengiaueers for more info!'.",,0.0,C9dj4jcuc0s,https://instagram.fyzd1-3.fna.fbcdn.net/v/t51.29350-15/451358961_351957791125488_8750896410625290253_n.jpg?stp=dst-jpg_e15_fr_p1080x1080&_nc_ht=instagram.fyzd1-3.fna.fbcdn.net&_nc_cat=100&_nc_ohc=KYeVq57yWxAQ7kNvgHh7t6q&edm=AOQ1c0wBAAAA&ccb=7-5&ig_cache_key=MzQxMzA0MTkxMDU5ODE5MjQyOA%3D%3D.2-ccb7-5&oh=00_AYAkAsQT-fRJ3Xvv7eocKMp15elcO3zzXbOnenVtDAodxA&oe=66A78C9F&_nc_sid=8b3546,False,
1,uw_ux,2024-07-21 14:24:54,"A recap on yesterdayâ€™s FRAME Designathon ğŸ–¼ï¸ğŸ¤©âœ¨

Thank you so much to everyone who showed up, and our judges and mentors for supporting the event! All teams made amazing work and we were blown away by your creative talent and ideas :)

Congrats again to the top 3 teams: 
Evening Brew, Stamped, and LaLeada! ğŸŠ

Special thank you to @sweetlouscookies @dominoswaterloo for providing us the delicious food at our event, and to the Student Life Endowment Fund for their support! We couldnâ€™t have done it without you ğŸ’™

We hope that you were able to grow your design thinking skills and implementation. Take this as an opportunity to add a new case study to your portfolio! â˜ºï¸ 

âœ¨ Stay tuned for more design challenges like this in the future!

***

#uwaterloo #ux #uxdesignlife #designathon #design #figma #figmadesign",,,1.0,C9sA7XpgPIz,https://instagram.fyzd1-2.fna.fbcdn.net/v/t51.29350-15/452314652_1162840648378075_7514655693988025364_n.jpg?stp=dst-jpg_e35_p1080x1080_sh0.08&_nc_ht=instagram.fyzd1-2.fna.fbcdn.net&_nc_cat=107&_nc_ohc=X_o4R_fdDgUQ7kNvgGEgUgA&edm=AOQ1c0wBAAAA&ccb=7-5&oh=00_AYAxvXUY2Z0yH9ZVGnfsdyew8vsYSG9ogLguemlBwpPAfQ&oe=66A79B20&_nc_sid=8b3546,False,
2,uw_ux,2024-07-20 03:02:24,"Meet the judges and our mentors for tomorrowâ€™s FRAME Designathon! ğŸ¤©

Less than 24 hours before our designathon starts tomorrow! ğŸ˜± We wanted to take a moment to spotlight out an incredible lineup of talented judges and mentors experienced in UX/UI and Product Design, along with our sponsors!

Meet your judges: Aileen Luo, Yinan Zhang, and Yousuf Zia! They will be evaluating your projects and selecting the winners based on creativity, implementation, user-centred design, and more!

Our awesome mentors will be there to guide you throughout the designathon to offer you advice, share their expertise + helpful resources, and answer any questions you might have ğŸ”

Weâ€™d also love to give a huge thank you to our sponsors @sweetlouscookies, @dominoswaterloo, and the Student Life Endowment Fund for their wonderful support and making this event possible ğŸ’™ğŸªâœ¨

We canâ€™t wait to see you there! Best of luck to those who are participating ğŸ™‚â€â†•ï¸âœ¨

***

#uxframedesignathon #uwaterloo #designathon #ux #uxdesign","Photo shared by UW/UX on July 19, 2024 tagging @uw_ux. May be a graphic of poster and text.",,2.0,C9oPIv2grPJ,https://instagram.fyzd1-3.fna.fbcdn.net/v/t39.30808-6/452341878_18084835369472713_8463836880412740658_n.jpg?stp=dst-jpg_e15_fr_s1080x1080&_nc_ht=instagram.fyzd1-3.fna.fbcdn.net&_nc_cat=101&_nc_ohc=PvhMtqN1mj4Q7kNvgFci8Ne&edm=AOQ1c0wAAAAA&ccb=7-5&ig_cache_key=MzQxNjA0Njg3NzQxNjg0MjEzMQ%3D%3D.2-ccb7-5&oh=00_AYAsz9nqZD0WSGu_undxJdCIxKBhGnYAg2yjG0Xf5FBhzA&oe=66A7B357&_nc_sid=8b3546,False,
3,uw_ux,2024-07-12 22:35:12,"Weâ€™re excited to announce our upcoming designathon: FRAME ğŸ¥³ 

Here, youâ€™ll design a solution for our given problem announced at the day of our event. Expect a day packed with new learnings, workshops, delicious food, making new friends, and more!

If youâ€™re looking to connect with fellow creatives, industry professionals, and level up your design skills, this is YOUR SIGN to register and join! Students of all programs, backgrounds, and experience levels in design are welcome to join ğŸ¤©

When is this happening?
ğŸ“… Saturday, July 20th, 2024
â° 8:30 AM to 8:00 PM EST. doors open at 8:30!
ğŸ‘‰ Location @ Communitech

ğŸš¨ DEADLINE to register for the event closed Tuesday, July 16th! ğŸš¨

Update: SOLD OUT CAPACITY! Weâ€™ve sent an email to everyone who has signed up to fill out a MANDATORY form for finalized solo/team details âœ¨ This is DUE July 18th @ 11:59 PM EST â€¼ï¸

***

Havenâ€™t attended a designathon before? Not to worry! Weâ€™ll have experienced mentors to support you through your design process and share resources ğŸ’Œ Youâ€™ll be able to step outside your comfort zone and expand on your skills + knowledge through this exciting opportunity!

ğŸ”— Visit the link in our bio to register ASAP, you donâ€™t wanna miss this ğŸ˜ğŸ™‚â€â†•ï¸ Applications are open until July 16th, 2024. Stay up to date with more details by following us on Instagram and our other social media, @uw_ux on all platforms! ğŸŒ±

***

#designathon #design #uxdesign #figma #uwaterloo","Photo by UW/UX on July 12, 2024. May be pop art of eyeglasses, clipboard, poster, ruler, picture frame, shadow box and text.",,3.0,C9Vu_nDgHID,https://instagram.fyzd1-3.fna.fbcdn.net/v/t39.30808-6/451095129_18084112876472713_2561099593349921839_n.jpg?stp=dst-jpg_e15_fr_s1080x1080&_nc_ht=instagram.fyzd1-3.fna.fbcdn.net&_nc_cat=101&_nc_ohc=qDM7YOToN9QQ7kNvgGnDVLQ&edm=AOQ1c0wAAAAA&ccb=7-5&ig_cache_key=MzQxMDgzODk2ODU1ODY4MjMzOA%3D%3D.2-ccb7-5&oh=00_AYDA-9tp19Vun2rYhmZJ5SDAeutyAJCM1-3y10Xr9IuHug&oe=66A7ACD1&_nc_sid=8b3546,True,"{'return_id': '3', 'is_event': True, 'event_name': 'FRAME Designathon', 'start_time': '2024-07-20T08:30:00+00:00', 'end_time': '2024-07-20T20:00:00+00:00', 'location': 'Communitech'}"
4,uwblueprint,2024-07-21 01:07:58,"You asked, we delivered. ğŸ˜Œ Nowâ€™s your chance to shape social good with blueprint! ğŸš€

The application deadline has been pushed to Monday night, giving you 2 more days to get yours submitted.

Questions? Let us know at mailto:recruitment@uwblueprint.org! âœï¸","Photo by UW Blueprint on July 20, 2024. May be a graphic of 1 person, poster and text that says 'blueprint Application deadlines have been extended! Last day to apply is now July 22nd 11:59PM! apply now applynow.atuwblueprint.org applynowatuwblueprint.org at uwblueprint.org'.",,4.0,C9qm1gQAMWv,https://instagram.fyzd1-2.fna.fbcdn.net/v/t39.30808-6/451550473_18340406872191692_4332161876728759668_n.jpg?stp=dst-jpg_e35_s1080x1080_sh0.08&_nc_ht=instagram.fyzd1-2.fna.fbcdn.net&_nc_cat=108&_nc_ohc=XOIJcIr2MjkQ7kNvgEXnVJl&edm=AOQ1c0wAAAAA&ccb=7-5&ig_cache_key=MzQxNjcxNDA2OTg0MTg1NTkxOQ%3D%3D.2-ccb7-5&oh=00_AYDXdUdyNs44TFyilNE9cPX82UrQmxnFXlQZbz_UXALl7A&oe=66A79AA2&_nc_sid=8b3546,False,
5,uwblueprint,2024-07-18 14:44:10,"ğŸ¨âœ¨ Dive into creativity at our Design Night extravaganza! ğŸŒŸ Join us for speed-friending, a thrilling group design challenge, and a design-themed Kahoot game thatâ€™ll spark your imagination! ğŸ• Did we mention thereâ€™s FREE PIZZA if you sign up? ğŸ•ğŸ‰ 

ğŸ“…July 11th, 6-8 PM 
ğŸ“E7 4053 (LOCATION CHANGE)
Sign up using the link in our bio

Special thanks to MEF","Photo by UW Blueprint on July 18, 2024. May be a graphic of poster, magazine and text.",,5.0,C9kV236ARTZ,https://instagram.fyzd1-2.fna.fbcdn.net/v/t39.30808-6/449434107_18340075456191692_6657306677991220387_n.jpg?stp=dst-jpg_e35_s1080x1080_sh0.08&_nc_ht=instagram.fyzd1-2.fna.fbcdn.net&_nc_cat=108&_nc_ohc=SsV7Qy97ma4Q7kNvgGmaEcJ&gid=80bb2fbde6504adc94d8f8e0c757e339&edm=AOQ1c0wAAAAA&ccb=7-5&ig_cache_key=MzQxNDk1MDU0NzMxMTEwNTI0MQ%3D%3D.2-ccb7-5&oh=00_AYAZTxNBqeUrsQKy1G4sunKhLvuQB4p5PW2GU97fSHNKqg&oe=66A7B758&_nc_sid=8b3546,True,"{'return_id': '5', 'is_event': True, 'event_name': 'Design Night', 'start_time': '2024-07-11T18:00:00+00:00', 'end_time': '2024-07-11T20:00:00+00:00', 'location': 'E7 4053'}"
6,uwblueprint,2024-07-18 14:42:39,"ğŸ”§âœ¨ Join us for Engineering Night! ğŸŒŸ Discover our project showcase and get insights into our current projects and tech stacks. Donâ€™t miss out!

ğŸ“… July 10, 7:00 - 9:00 PM
ğŸ“ E7-4053
ğŸ”— Link in bio to register!

Special thanks to MEF","Photo by UW Blueprint on July 18, 2024. May be a graphic of 1 person, poster and text.",,6.0,C9kVrv3ACLD,https://instagram.fyzd1-2.fna.fbcdn.net/v/t39.30808-6/451267092_18340075240191692_6470285022877654787_n.jpg?stp=dst-jpg_e35_s1080x1080_sh0.08&_nc_ht=instagram.fyzd1-2.fna.fbcdn.net&_nc_cat=108&_nc_ohc=IEQKLjpAUoAQ7kNvgEPTbTJ&edm=AOQ1c0wAAAAA&ccb=7-5&ig_cache_key=MzQxNDk0OTc4Mjc1NjUzMjkzMQ%3D%3D.2-ccb7-5&oh=00_AYDE7CIPkXBQ32Ck4DJFu92AEdIzZ39jPcsCCECWIcCoIg&oe=66A79B65&_nc_sid=8b3546,True,"{'return_id': '6', 'is_event': True, 'event_name': 'Engineering Night', 'start_time': '2024-07-10T19:00:00+00:00', 'end_time': '2024-07-10T21:00:00+00:00', 'location': 'E7-4053'}"
7,uwblueprint,2024-07-18 14:38:51,"ğŸ‰ Join us for Tech Consulting Night, brought to you by Blueprint and UWMCC! Dive into the industry framework, hear from a student panel, and get all your questions answered.

ğŸ—“ï¸ July 9th, 6:00 - 8:00 PM
ğŸ“ E7-4053
ğŸ”— Register through the link in our bio!

Donâ€™t miss out on this exciting event! ğŸš€

Special thanks to MEF","Photo by UW Blueprint on July 18, 2024. May be an image of screen, poster and text.",,7.0,C9kVP9rgbjX,https://instagram.fyzd1-2.fna.fbcdn.net/v/t39.30808-6/451744996_18340074823191692_422271671054701343_n.jpg?stp=dst-jpg_e35_s1080x1080_sh0.08&_nc_ht=instagram.fyzd1-2.fna.fbcdn.net&_nc_cat=108&_nc_ohc=IT36R5mqHRQQ7kNvgG_SiLs&edm=AOQ1c0wAAAAA&ccb=7-5&ig_cache_key=MzQxNDk0Nzg3MzQ1MDczNTgzMQ%3D%3D.2-ccb7-5&oh=00_AYDJdl-nBcllPxNeJaSDsSRdG0hJiv6lGPfCAoJYsUP--g&oe=66A79FB5&_nc_sid=8b3546,True,"{'return_id': '7', 'is_event': True, 'event_name': 'Tech Consulting Night', 'start_time': '2024-07-09T18:00:00+00:00', 'end_time': '2024-07-09T20:00:00+00:00', 'location': 'E7-4053'}"
8,uwblueprint,2024-07-18 14:37:07,"Curious about Product Management? Join us for PRODUCT NIGHT hosted by UWPM and Blueprint! This event includes speaker series, Q&A, and networking opportunities to explore the world of PM.

ğŸ—“ï¸ Monday, July 8th
ğŸ•• 6 - 8 PM
ğŸ“ E7 4053

ğŸ§‹Free boba will be available if you sign up! Donâ€™t miss out! Register now through the link in our bio. See you there!

Special thanks to MEF.","Photo by UW Blueprint on July 18, 2024. May be a graphic of poster and text that says 'UW PM MEV Nntorekiinasameet.ra Neter Neterete ntarrkubnosamwel.ra Product Night This night will feature speaker series and exclusive networking opportunities. Engage with panelists from Google, Amazon, and Microsoft, and gain insights from industry leaders! Free boba if you sign up! èˆ¹ DATE: JULY 8TH, 6-8 6-8PM PM LOCATION: LOCATION:E7-4053 E7-4053 Register in bio'.",,8.0,C9kVDMxAkhF,https://instagram.fyzd1-2.fna.fbcdn.net/v/t39.30808-6/451846659_18340074463191692_2340865830293763831_n.jpg?stp=dst-jpg_e35_s1080x1080_sh0.08&_nc_ht=instagram.fyzd1-2.fna.fbcdn.net&_nc_cat=108&_nc_ohc=B30F22Ciis0Q7kNvgEhu-Rg&edm=AOQ1c0wAAAAA&ccb=7-5&ig_cache_key=MzQxNDk0Njk5NjI5NTk3NzAyOQ%3D%3D.2-ccb7-5&oh=00_AYDE2ZU3J1KnBsSe7iEVbdfwmaDBCWvJPWxZJM99cxnGpg&oe=66A7A5CD&_nc_sid=8b3546,True,"{'return_id': '8', 'is_event': True, 'event_name': 'PRODUCT NIGHT', 'start_time': '2024-07-08T18:00:00+00:00', 'end_time': '2024-07-08T20:00:00+00:00', 'location': 'E7 4053'}"
9,uwblueprint,2024-07-18 14:29:24,"ğŸ‰Get hyped for the return of Blueprint
Nights!ğŸš€

Join us from July 8th to 11th for an exciting
lineup of events! Whether youâ€™re into design, product leadership, engineering, or consulting, thereâ€™s something thrilling in store for everyone. ğŸ¨ğŸ’¼ğŸ”§

Prepare to be amazed with interactive workshops, exciting talks, and networking opportunities galore.
And yes, there will be awesome food and refreshments to keep you fueled throughout! ğŸ•ğŸ§‹

Save your spot now by registering through the link in our bio. This is your chance to learn, connect, and have a blast-donâ€™t miss out! ğŸŒŸ","Photo by UW Blueprint on July 18, 2024. May be a graphic of blueprint, poster, magazine and text.",,9.0,C9kUKuUAQPa,https://instagram.fyzd1-2.fna.fbcdn.net/v/t39.30808-6/451747256_18340073449191692_4480947692715368468_n.jpg?stp=dst-jpg_e35_s1080x1080_sh0.08&_nc_ht=instagram.fyzd1-2.fna.fbcdn.net&_nc_cat=108&_nc_ohc=3Yx4iOX6tBQQ7kNvgGgDXG6&edm=AOQ1c0wAAAAA&ccb=7-5&ig_cache_key=MzQxNDk0MzExNTMwNjQwMjc3OA%3D%3D.2-ccb7-5&oh=00_AYCJl_CX4nnfb5ERMic2Dt3dcVNHXDGh2-3h5r1tmI47YA&oe=66A7B31B&_nc_sid=8b3546,True,"{'return_id': '9', 'is_event': True, 'event_name': 'Blueprint Nights', 'start_time': '2024-07-08T00:00:00+00:00', 'end_time': '2024-07-11T00:00:00+00:00', 'location': None}"
10,uwaterloottc,2024-07-25 02:44:06,"Congratulations to our winners for the Spring 2024 Singles In-House Tournament ğŸŒŸ Thank you all for participating in the competitions.

1st Place - Lieo Ling
2nd Place - Milind Kumar 
3rd Place -  Kavan Gudhka","Photo shared by University of Waterloo Table Tennis Club on July 24, 2024 tagging @lieoling128, @kavo_619, and @milind.kumar11. May be an image of 3 people, people playing tennis and text.",,10.0,C91FBDiRLWY,https://instagram.fyzd1-3.fna.fbcdn.net/v/t51.29350-15/452624334_460126193603668_5122487431999749913_n.jpg?stp=dst-jpg_e35_p1080x1080&_nc_ht=instagram.fyzd1-3.fna.fbcdn.net&_nc_cat=104&_nc_ohc=nyoFt3-ffOwQ7kNvgHtiFlS&edm=AOQ1c0wBAAAA&ccb=7-5&ig_cache_key=MzQxOTY2MTU0NzU4MzU1OTQwNg%3D%3D.2-ccb7-5&oh=00_AYDCJmmIbrAVhqviqbYEcY_uq_AmGrJ2VG_W9arR92we6A&oe=66A7B205&_nc_sid=8b3546,False,
11,uwaterloodsc,2024-07-23 15:07:42,"ğŸš€ Discover the Future of AI at the DSC x WAT.ai Showcase!

âœ¨ Our last session is an AI project showcase featuring some current WAT.ai teams and community members

ğŸ—£ï¸Weâ€™ll have 5 short seminars from various AI projects

ğŸ‘€ Using LLMs for medical and real estate zoning applications, finding bugs in a code stack, using reinforcement learning to play Doom, and more!

ğŸ“… July 25th
ğŸ•’ 6:00 PM - 7:00 PM
ğŸ“ E7 IDEAS Clinic

ğŸ¤© Don't miss out!","Photo shared by Waterloo Data Science Club on July 23, 2024 tagging @wataiteam. May be a graphic of poster, magazine and text that says 'the final thefinalsession.. session... DWAT.ai DSC. UW DSCx WAT ai SHOWCASE AI project seminars including LLMs for medical applications.| reinforcement learning to play Door. and nnore! 6-7PM PM Thur July 25th E7 DEAS Clinic'.",,11.0,C9xQhojAEG6,https://instagram.fyzd1-3.fna.fbcdn.net/v/t51.29350-15/452527059_7935913176455496_7709344888540230483_n.heic?stp=dst-jpg_e35&_nc_ht=instagram.fyzd1-3.fna.fbcdn.net&_nc_cat=100&_nc_ohc=PfjgXpj-yzcQ7kNvgFQg6tf&edm=AOQ1c0wBAAAA&ccb=7-5&ig_cache_key=MzQxODU4NjI3MjE3NDcxOTQxOA%3D%3D.2-ccb7-5&oh=00_AYDkxY_4bDPdYQZSrSgJjqUGXR3DN1tnumDadf1AsvLJww&oe=66A7ADEA&_nc_sid=8b3546,True,"{'return_id': '11', 'is_event': True, 'event_name': 'DSC x WAT.ai Showcase', 'start_time': '2024-07-25T18:00:00+00:00', 'end_time': '2024-07-25T19:00:00+00:00', 'location': 'E7 IDEAS Clinic'}"
12,uwaterloodsc,2024-07-19 00:38:35,"ğŸ™ï¸ Season 3 Episode 3 of The Data Den is out on Spotify!

ğŸ“š  Our guest, Luis Serrano just recently left his role as Head of Developer Relations at Cohere to peruse his AI education channel, Serrano Academy full-time.

ğŸ«£ Tune in to learn about what a career in AI education and developer relations can look like as well as larger questions about the future of AI and what it means for humanity.

ğŸ”— Check out link in bio!","Photo by Waterloo Data Science Club on July 18, 2024. May be a graphic of 1 person, poster and text.",,12.0,C9lZ4gOgwlZ,https://instagram.fyzd1-2.fna.fbcdn.net/v/t51.29350-15/451710476_995180302351880_5737283758423102042_n.heic?stp=dst-jpg_e35&_nc_ht=instagram.fyzd1-2.fna.fbcdn.net&_nc_cat=108&_nc_ohc=EaRy-40mLCgQ7kNvgGQQkqa&edm=AOQ1c0wBAAAA&ccb=7-5&ig_cache_key=MzQxNTI0OTcyNjQ4NzA3MTA2NQ%3D%3D.2-ccb7-5&oh=00_AYAJbT0Qu6egy0IG1AdBA4XenD7iNIkWpzvDfL2fmYrObw&oe=66A7B89A&_nc_sid=8b3546,False,
13,uwaterloodsc,2024-07-18 00:52:28,"ğŸ”¥âœ¨ Join us for our Bonfire End of Term event in collaboration with our friends at CSC, WiCS, and Tech+ âœ¨ğŸ”¥

ğŸ“… Tuesday, July 23rd
â° 6:00 - 9:00 PM
ğŸ“Columbia Lake, Fire Pit 1

Please note this event is drop in! No need to stay for the whole time, come and go as you please, open to UWaterloo studentsğŸ˜„

Get ready for a fun evening with s'mores, hot dogs (vegan option available), drinks, freezies, and other snacksğŸ«ğŸ˜‹

Don't miss out! See you there ğŸŒ

Sign up using the link in bioğŸ”—","Photo shared by Waterloo Data Science Club on July 17, 2024 tagging @uwaterloowics, @techplusuw, and @uwcsclub. May be an image of fire, poster, night and text.",,13.0,C9i2rTsgxql,https://instagram.fyzd1-2.fna.fbcdn.net/v/t51.29350-15/451706496_847963927232973_8659837676179121399_n.webp?stp=dst-jpg_e35&_nc_ht=instagram.fyzd1-2.fna.fbcdn.net&_nc_cat=109&_nc_ohc=mxDa9DzmDW0Q7kNvgFCMgC0&edm=AOQ1c0wBAAAA&ccb=7-5&ig_cache_key=MzQxNDUzMTkzODA5NzI0MDc0MQ%3D%3D.2-ccb7-5&oh=00_AYBHayj0gZo8pIt3StPkwxA8Yaxa4sG_91x-TmH29OEq_g&oe=66A7ABAC&_nc_sid=8b3546,True,"{'return_id': '13', 'is_event': True, 'event_name': 'Bonfire End of Term', 'start_time': '2024-07-23T18:00:00+00:00', 'end_time': '2024-07-23T21:00:00+00:00', 'location': 'Columbia Lake, Fire Pit 1'}"
14,uwaterloodsc,2024-07-15 02:53:23,"ğŸï¸ Grab your popcorn and your friends, and gear up for movie night with DSC! 

ğŸ¤– Weâ€™ll be watching a nostalgic favourite, WALL-E!

ğŸŒ­ Chungchun Rice Dogs will be served, so donâ€™t miss out!

ğŸ“… July 17th, 6:00-7:30pm
ğŸ“ STC 0050","Photo by Waterloo Data Science Club in University of Waterloo. May be an image of poster, night and text.",,14.0,C9bWIRzsxPW,https://instagram.fyzd1-2.fna.fbcdn.net/v/t51.29350-15/451176668_1259460121686746_7240329860269707474_n.jpg?stp=dst-jpg_e15_fr_s1080x1080&_nc_ht=instagram.fyzd1-2.fna.fbcdn.net&_nc_cat=102&_nc_ohc=3NHvPXqc3PUQ7kNvgGodxMG&edm=AOQ1c0wBAAAA&ccb=7-5&ig_cache_key=MzQxMjQxODQ2ODU2MzMyNTkxMA%3D%3D.2-ccb7-5&oh=00_AYBWGqgXv5ym1hJHXCFrL9FBZk07DijeRBhYrhSSej9L6Q&oe=66A7B933&_nc_sid=8b3546,True,"{'return_id': '14', 'is_event': True, 'event_name': 'DSC Movie Night', 'start_time': '2024-07-17T18:00:00+00:00', 'end_time': '2024-07-17T19:30:00+00:00', 'location': 'STC 0050'}"
15,uwaterloodsc,2024-07-12 13:58:11,"ğŸ¥³ Applications for the Fall 2024 UW Data Science Club executive team are now open!

ğŸ“£ We are hiring positions across Events, CxC (our annual data hackathon), Design, Internals, Education, Development and Social Media !

ğŸ¤© Being an executive on the UWaterloo Data Science Club comes with the awesome opportunity of leading one of the largest academic clubs on campus. Our goal is to help students learn new data science skills and network with industry partners, companies, their peers, and professors. 

ğŸ«¶ We encourage UWaterloo students from all faculties and terms to apply! Many of our roles do not require data science knowledge or experience â€” just an interest. 

ğŸ—“ï¸ Apps close at 11:59 PM on July 26th!

ğŸ‘¥ Check our link tree for open positions

ğŸ”— Apply at the link in bio!

#uwaterloo #uwaterloolife #uwaterloomath #uwaterlooengineering #uwaterloosci #executive #getinvolved #datascience","Photo by Waterloo Data Science Club on July 12, 2024. May be a graphic of text.",,15.0,C9Uz00oApHr,https://instagram.fyzd1-3.fna.fbcdn.net/v/t51.29350-15/450984925_779572597592346_7184048664530070567_n.heic?stp=dst-jpg_e35&_nc_ht=instagram.fyzd1-3.fna.fbcdn.net&_nc_cat=106&_nc_ohc=UVmsk0awhE8Q7kNvgGQ-J_y&edm=AOQ1c0wBAAAA&ccb=7-5&ig_cache_key=MzQxMDU3ODczOTAyMzczMzM2MQ%3D%3D.2-ccb7-5&oh=00_AYAsvu-0w4oV_zKiYa3sCY7saFY2vYxKOPKSzYV08Gx4YA&oe=66A78E1D&_nc_sid=8b3546,False,
16,uwaterloopm,2024-07-22 22:42:25,"Want to gain hands-on experience with product development and improvement? Join us at our upcoming PRODUCT DEVELOPMENT NIGHT!!âœ¨

ğŸ’¼ This event will feature a short lecture about the essentials of product development followed by a collaborative case study facilitated by our very own UW PM execs.

ğŸ—“ï¸ Thursday, July 25th
â° 6:30 - 8 PM
ğŸ“E7 2nd Floor Ideas Clinic (2409)
ğŸ¥¤Free Chungchun for everyone who signs up beforehandğŸ˜‹

Link in bio to sign up :)","Photo by UW Product Management on July 22, 2024. May be a graphic of magazine, poster and text.",,16.0,C9vfxOhg0hw,https://instagram.fyzd1-3.fna.fbcdn.net/v/t51.29350-15/452304875_842620547791686_7095525381060493539_n.jpg?stp=dst-jpg_e35_s1080x1080&_nc_ht=instagram.fyzd1-3.fna.fbcdn.net&_nc_cat=106&_nc_ohc=yM9A97Tr65gQ7kNvgFHk4ov&edm=AOQ1c0wBAAAA&ccb=7-5&ig_cache_key=MzQxODA5MDM2NDQ4ODMzNzUyMA%3D%3D.2-ccb7-5&oh=00_AYBsgCD8PkHL1PezlbY-d4rcc8yUkxaLVAts0rA11QXqSA&oe=66A7BDBC&_nc_sid=8b3546,True,"{'return_id': '16', 'is_event': True, 'event_name': 'Product Development Night', 'start_time': '2024-07-25T18:30:00+00:00', 'end_time': '2024-07-25T20:00:00+00:00', 'location': 'E7 2nd Floor Ideas Clinic (2409)'}"
17,uwsmileclub,2024-07-17 14:32:29,"Ready to add some color to your wardrobe and your day? Join us for a tie-dye extravaganza where weâ€™ll be jazzing up T-shirts and tote bags!

The event is free, but be sure to register (bio) to guarantee your spotâ€”and your swag! Items may run out fast. If it rains, we might have to reschedule, so letâ€™s hope for sunshine! â˜€ï¸ğŸŒˆ","Photo by The SMILE Club at UWaterloo in University of Waterloo. May be an image of poster and text that says 'SMILE Tie- Tie-Dye Dye Bash Color Your MOO ColorYourMoodEvent lood Event Ready to add some color to your wardrobe and your day? Join us for Î± tie-dye extravaganza where we'l be jazzing up T-shirts and tote bags! Grab some snacks step outside, and splash some color on your own T-shirt ortote. It's the perfect way to make your semester as vibrant as your new gear. 17 Date: July 18th, 6:00 PM -8:00 M Location: BMH Green RegistrationLinkinBioon ion Bioon'.",,17.0,C9hvuY9O3cP,https://instagram.fyzd1-2.fna.fbcdn.net/v/t51.29350-15/451270665_395615049651295_2103863147545414224_n.jpg?stp=dst-jpg_e35_s1080x1080&_nc_ht=instagram.fyzd1-2.fna.fbcdn.net&_nc_cat=107&_nc_ohc=Y9XC93IgZvYQ7kNvgHiJd3O&edm=AOQ1c0wBAAAA&ccb=7-5&ig_cache_key=MzQxNDIxOTg4ODYwMjYwOTQyMw%3D%3D.2-ccb7-5&oh=00_AYA2RJEPRZn-wam7ohj-pfTfrfqBnkMazwrp-czNsapkDQ&oe=66A7A660&_nc_sid=8b3546,True,"{'return_id': '17', 'is_event': True, 'event_name': 'SMILE Tie-Dye Bash', 'start_time': '2024-07-18T18:00:00+00:00', 'end_time': '2024-07-18T20:00:00+00:00', 'location': 'BMH Green'}"
18,socratica.info,2024-07-21 03:31:22,"itâ€™s been a summer of experiments for us â€” but weâ€™ve got more up our sleeve ğŸª¿

join us for a celebration of YOU, at the socratica assembly this Friday, July 26, 6pm @communitech in dtk. show off your hard work in an all-new way. ğŸ«£ğŸ«£

priority given to folks whoâ€™ve attended waterloo sessions! few spots remain. be quick ğŸ˜„ğŸ˜„

you know where to find the link (itâ€™s in our bio.)","Photo by Socratica â‚ on July 20, 2024. May be an illustration of diary, magazine, poster, calendar, crossword puzzle and text that says 'socratica is an open collective of makers, artists, founders, researchers, designers, and everything in- -between. summer 2024 07 ëŠ”ë‹¤ CELEBRATICNOF 26 makers 2024 waterloo, ontario æ£® Socratica RGGEMSUL ** The celebration of makers, artists, founders, researcher,designers,andevert researchers, designers, and everything in- between.'.",,18.0,C9q3PvYg2kw,https://instagram.fyzd1-2.fna.fbcdn.net/v/t51.29350-15/452291014_431004146065461_3280763247137489835_n.jpg?stp=dst-jpg_e35&_nc_ht=instagram.fyzd1-2.fna.fbcdn.net&_nc_cat=109&_nc_ohc=dSlqPusxel4Q7kNvgFSMrxh&edm=AOQ1c0wBAAAA&ccb=7-5&ig_cache_key=MzQxNjc4NjIyNDcxMzU5ODU5Ng%3D%3D.2-ccb7-5&oh=00_AYD59wF6HT2IV2L7QZePqY0jCCpX_qctsRntVO-9jW04qw&oe=66A7AB62&_nc_sid=8b3546,False,
19,socratica.info,2024-07-14 21:04:46,"another sneak peek of the socratica documentary! 

this time footage from co-working at @den1880.co, with interviews from payton and andrei, where they talk a bit about how they discovered socratica and what cool stuff theyâ€™re currently making:)

so excited for u all to see the full thing!",,,19.0,C9atSscpabW,https://instagram.fyzd1-3.fna.fbcdn.net/v/t51.29350-15/451048884_8036176476442428_3969251663596725388_n.jpg?stp=dst-jpg_e15&_nc_ht=instagram.fyzd1-3.fna.fbcdn.net&_nc_cat=100&_nc_ohc=Zl5dsRg3R1sQ7kNvgGt2Onr&edm=AOQ1c0wBAAAA&ccb=7-5&oh=00_AYD-e2xrN14sgM0X48Ak8srLCFglMxHO0haKh3zGgAb78Q&oe=66A7AC49&_nc_sid=8b3546,False,
20,socratica.info,2024-07-14 03:59:56,"whatever your thing is, come work on it with us at socratica :)

our next session is today, sunday july 13 at 12:00PM in waterloo at the lovely @den1880.co 

prove to yourself that you do in fact have time for that thing. share your progress with a cozy group of people that are rooting for you. see you soon ğŸ™‚â€â†•ï¸",,,20.0,C9Y4ZKagFiq,https://instagram.fyzd1-3.fna.fbcdn.net/v/t51.29350-15/451012111_1037153224438254_7430445039916697851_n.jpg?stp=dst-jpg_e15&_nc_ht=instagram.fyzd1-3.fna.fbcdn.net&_nc_cat=106&_nc_ohc=q8A2NeTwE4UQ7kNvgHvkufL&edm=AOQ1c0wBAAAA&ccb=7-5&oh=00_AYDEPVqS3sUw43dwshDeX0HSgX1CVN-HHnqVOS_iHMB2HQ&oe=66A7C380&_nc_sid=8b3546,False,
21,socratica.info,2024-07-13 22:00:17,"stills from last weekendâ€™s co-working session at @den1880.co! hope to see u at our afternoon session tmr to work on ideas that excite you : )

ğŸ“·: @julia.fedorin","Photo shared by Socratica â‚ on July 13, 2024 tagging @den1880.co. May be an image of 7 people, office and text.",,21.0,C9YPyxqSGHB,https://instagram.fyzd1-3.fna.fbcdn.net/v/t51.29350-15/451224653_456153873948108_7643086993855860080_n.jpg?stp=dst-jpg_e35&_nc_ht=instagram.fyzd1-3.fna.fbcdn.net&_nc_cat=100&_nc_ohc=y4oMX-XrhdoQ7kNvgGgjbnJ&edm=AOQ1c0wBAAAA&ccb=7-5&ig_cache_key=MzQxMTU0NjE3MDUxMzE2NDEzOQ%3D%3D.2-ccb7-5&oh=00_AYAN16YByoLm0BfNreP_CRwxJldx0VbUgsCWXIF_3BizdA&oe=66A79E1E&_nc_sid=8b3546,False,
22,yourwusa,2024-07-17 20:21:14,"In May, WUSA received a member-submitted petition requesting a referendum. After deliberation by the Elections and Referenda Committee (ERC), the ERC recommended questions to Board, who approved the recommended questions. The referendum process will officially begin shortly! 
Â 
The approved referendum questions relate to the University of Waterlooâ€™s partnership with Technion and ensuring responsible partnerships and investments. Please click the link in our bio to read the full announcement and for more information.","Photo by WUSA on July 17, 2024. May be an image of text.",,22.0,C9iXozYR3yp,https://instagram.fyzd1-3.fna.fbcdn.net/v/t51.29350-15/451065945_400875676326989_302271781026439768_n.jpg?stp=dst-jpg_e35&_nc_ht=instagram.fyzd1-3.fna.fbcdn.net&_nc_cat=105&_nc_ohc=8YKI_pnxe1cQ7kNvgH2zIpf&edm=AOQ1c0wBAAAA&ccb=7-5&ig_cache_key=MzQxNDM5NTQyNjUxNzI1MzI4OQ%3D%3D.2-ccb7-5&oh=00_AYBvW1Mgacnguw9CcdX2tktHJc9djoApz0yLfVw8d3IPMw&oe=66A78D1F&_nc_sid=8b3546,False,
23,yourwusa,2024-07-24 18:35:51,"Curious about how decisions are made on campus? Letâ€™s break down the process of a referendum from start to finish. Swipe through to learn how an idea becomes a campus-wide decision. Your vote matters, so stay informed and get involved!","Photo by WUSA on July 24, 2024. May be a graphic of text.",,23.0,C90NJB9RwuN,https://instagram.fyzd1-3.fna.fbcdn.net/v/t51.29350-15/452346518_1554479518465008_1021679470369759525_n.jpg?stp=dst-jpg_e35_p1080x1080&_nc_ht=instagram.fyzd1-3.fna.fbcdn.net&_nc_cat=100&_nc_ohc=kCNGpc59hs4Q7kNvgGR8-93&edm=AOQ1c0wBAAAA&ccb=7-5&ig_cache_key=MzQxOTQxNTgwMTIyMzIwMjY0Ng%3D%3D.2-ccb7-5&oh=00_AYDJnOYcYEi72HHr7ItgTfB_P2z0wwvavumE52OjGv4tqw&oe=66A79CA9&_nc_sid=8b3546,False,
24,yourwusa,2024-07-19 15:56:35,"Thinking about joining the Board but you arenâ€™t sure what it looks like? ğŸ¤” Weâ€™re here to walk you through what the first few months of being on the WUSA Board of Directors looks like!Â 

First things first- our Board goes on a retreat ğŸï¸This is where they learn some of the skills they will need to help advocate for their stakeholders (aka youğŸ«µ). Some topics covered at this yearâ€™s retreat include job responsibilities, budgeting, and an overview of WUSA services.Â 

After this retreat, all the board members participated in media training ğŸ“¸ While Nick and Arya are the primary spokespeople for WUSA, all members are trained on how to best communicate with students and others on socials.Â 

During this time there have also been 3 monthly Board meetings. To watch the full meetings, head to our YouTube or check out the articles at wusa.ca. For a quick recap, check out our Reels page for â€˜what you missed at the Board meeting in under 60 secondsâ€.Â 

Going forward, the Board will focus on the annual plan and the budget for the 2024-2025 year. After that, they will tackle the 5-year plan for 2025-2030, which will set the organizationâ€™s direction for the next 5 years.Â 

#leadership #wusa #WUSAboard #studentleadership","Photo by WUSA on July 19, 2024. May be an image of 8 people and text.",,24.0,C9nC8JvAlUi,https://instagram.fyzd1-2.fna.fbcdn.net/v/t51.29350-15/452003239_363042383481010_8773491515395653261_n.jpg?stp=dst-jpg_e35&_nc_ht=instagram.fyzd1-2.fna.fbcdn.net&_nc_cat=110&_nc_ohc=YBbopWy1MLIQ7kNvgH1Ri9_&edm=AOQ1c0wBAAAA&ccb=7-5&ig_cache_key=MzQxNTcxMTc2MzAyOTc3MTEyNA%3D%3D.2-ccb7-5&oh=00_AYBS4nO9xzoEyEvZwcoPPfXg73JIo6maS_1gWS5oHGJT4w&oe=66A791B9&_nc_sid=8b3546,False,
25,yourwusa,2024-07-23 17:16:16,"Thanks to City of Waterloo Mayor McCabe for meeting with WUSA President Nick and VP Arya this morning to talk sustainability ğŸŒ³, transit ğŸš, housing ğŸ  and other issues that matter to students. We always appreciate your time ğŸ˜","Photo shared by WUSA on July 23, 2024 tagging @mayormccabe. May be an image of 3 people.",,25.0,C9xfPUmAfTN,https://instagram.fyzd1-3.fna.fbcdn.net/v/t51.29350-15/452448840_2190446754656640_872929721876288612_n.jpg?stp=dst-jpg_e35_s1080x1080&_nc_ht=instagram.fyzd1-3.fna.fbcdn.net&_nc_cat=100&_nc_ohc=uQ4c098_N6cQ7kNvgGAn8YT&edm=AOQ1c0wBAAAA&ccb=7-5&ig_cache_key=MzQxODY1MDk4NDQ5NzQxMTI3Nw%3D%3D.2-ccb7-5&oh=00_AYC5iq-SaxBIiPD27rhfIkooUjqEBePSaTSCYfujCCI4ng&oe=66A78EB7&_nc_sid=8b3546,False,
26,yourwusa,2024-07-23 14:45:39,"Did you know Waterloo Undergrads can save up to 44% at the CNE? ğŸ¥³ The steps are quite simple! Visit: member.wusa.ca to get your access code and complete your transaction under â€˜Corporate Loginâ€™ to enjoy your day at the CNE! âœ¨

*Please Note: The access code provided above is intended for the use of the members/employees of our organization only. Unauthorized use of the code may result in the cancellation of the code without notice.

#yourWUSA #uofwaterloo #studentlife","Photo by WUSA on July 23, 2024. May be an image of 5 people and text.",,26.0,C9xOAKNgDtg,https://instagram.fyzd1-3.fna.fbcdn.net/v/t51.29350-15/452320113_1212711323070618_107845734243998425_n.jpg?stp=dst-jpg_e35&_nc_ht=instagram.fyzd1-3.fna.fbcdn.net&_nc_cat=106&_nc_ohc=rgGDZuCopTEQ7kNvgGTJGEy&edm=AOQ1c0wBAAAA&ccb=7-5&ig_cache_key=MzQxODU3NTE2ODk1NDQ0NTIzNg%3D%3D.2-ccb7-5&oh=00_AYDQc5NPuVwuLS_tPLJv7nNRR5bk2JoH7Y2yk77jopGpBw&oe=66A7A8A1&_nc_sid=8b3546,False,
27,yourwusa,2024-07-22 20:29:49,"ğŸ”Š Your Voice Matters! ğŸ”Š

Ready to make an impact on the upcoming referendum? ğŸ—³ï¸ Nowâ€™s your chance to make a difference!","Photo by WUSA on July 22, 2024. May be a graphic of text that says 'YOUR VOICE MATTERS. Take the lead on the referendum by joining the Yes or o Committee. Campaign for what you believe in! wusa.ca/referendum-2024'.",,27.0,C9vQmByRkps,https://instagram.fyzd1-3.fna.fbcdn.net/v/t51.29350-15/452337780_2795923813888552_6225272811722879557_n.jpg?stp=dst-jpg_e35&_nc_ht=instagram.fyzd1-3.fna.fbcdn.net&_nc_cat=104&_nc_ohc=4bECyNXHDTsQ7kNvgFOq4aq&edm=AOQ1c0wBAAAA&ccb=7-5&ig_cache_key=MzQxODAyMzYyNDE5ODk5ODYzNg%3D%3D.2-ccb7-5&oh=00_AYBq3vrGcRur32s51OIaDvKoW3RhngZ7rFiEsyJkpq77wA&oe=66A7A3D1&_nc_sid=8b3546,False,
28,yourwusa,2024-07-19 19:26:53,We in fact distracted everyone in the office to film this videoğŸ¤­ğŸ«£,,,28.0,C9nazaeRJSz,https://instagram.fyzd1-3.fna.fbcdn.net/v/t51.29350-15/451054104_824468622981868_1671225310419531843_n.jpg?stp=dst-jpg_e15_fr_p1080x1080&_nc_ht=instagram.fyzd1-3.fna.fbcdn.net&_nc_cat=104&_nc_ohc=dUCEU0L_2SUQ7kNvgHGW_vt&edm=AOQ1c0wBAAAA&ccb=7-5&oh=00_AYAQ_QqWhXcd6RpH3OFr4ERRaNqnV5_Puo4QCJHGkqHgmg&oe=66A78C0E&_nc_sid=8b3546,False,
29,yourwusa,2024-07-18 18:31:38,"We hit the halls to see if students could guess some of the Representative Survey Platform resultsÂ  ğŸ“Š
Â 
The RSP Platform is a program where a representative population of undergrads are asked to fill out surveys that relate to student issues, twice a year. WUSA then uses this information to ensure that our services and decisions align with our undergradsâ€™ best interests. For the full details check out theÂ ğŸ”— in our bio!
Â 
#wusa #yourwusa #results #rsp",,,29.0,C9kvzpBuCUM,https://instagram.fyzd1-3.fna.fbcdn.net/v/t51.29350-15/452105366_1028661141459425_2921081188425415924_n.jpg?stp=dst-jpg_e15_fr_p1080x1080&_nc_ht=instagram.fyzd1-3.fna.fbcdn.net&_nc_cat=105&_nc_ohc=hYKNtQZibJcQ7kNvgG2U4jD&edm=AOQ1c0wBAAAA&ccb=7-5&oh=00_AYDlA4Sqd3WCPiOAGyzVjoHv8HRvqP15VKMKiY_Nn22fOg&oe=66A7AAC9&_nc_sid=8b3546,False,
30,yourwusa,2024-07-17 14:49:26,"A heartfelt shoutout to our incredible #yourWUSA volunteers! From our club, society, and services volunteers, governance, and O-Team members who make a significant impact in the Waterloo community every term. ğŸ™Œ Â 

Thank you for making a difference in the lives of the Waterloo students and your commitment to our mission! ğŸ™â¤ï¸

#UWaterloo #UWaterloolife #wusaclubs #wusavolunteerappreciation",,,30.0,C9hxoBJAgfm,https://instagram.fyzd1-2.fna.fbcdn.net/v/t51.29350-15/451689354_1903909080081979_7646403213212531231_n.jpg?stp=dst-jpg_e15_fr_p1080x1080&_nc_ht=instagram.fyzd1-2.fna.fbcdn.net&_nc_cat=107&_nc_ohc=n8iN9_LeAWQQ7kNvgHbjxW5&edm=AOQ1c0wBAAAA&ccb=7-5&oh=00_AYCVVBaxtakSY9BG3C4BxRzMHwjnBbxxQWzf4-6vbzx7_A&oe=66A79841&_nc_sid=8b3546,False,
31,yourwusa,2024-07-16 14:42:05,"âœ¨ï¸ TICKET GIVEAWAY! âœ¨ï¸

Feel the rush and score big with a chance to WIN ğŸ¤©a pair of tickets to see the Argos vs Ti-Cats this Saturday, July 20th at Tim Hortons Field! ğŸˆâ¤ï¸

ğŸˆ TO ENTER â¤µï¸ï¸
1ï¸âƒ£ Follow @yourWUSA
2ï¸âƒ£ Like this post â¤ï¸ Â 
3ï¸âƒ£ Tag a friend you would like to go to the game with! Â 
ğŸ‰ BONUS: One comment = one entry. Tag as many friends as you like. ğŸ™Œ ï¸

The contest starts Tuesday, July 16th at 10:00 am and closes on Wednesday, July 17th at 5:00 PM. Winners will be randomly selected. The winner will be contacted by DM for further information using our @yourWUSA account. Please do not give out personal information to any other account impersonating @yourwusa. Open to University of Waterloo undergraduate students only.

This giveaway is not affiliated with Instagram, the Toronto Argonaunts, or the Hamilton Ti-Cats in any way.

*For full contest Terms and Conditions and prize details see details in our profile. 

ğŸ¤ğŸ¼Good luck! ğŸŒŸ

#uwaterloo #uwaterloolife #contest","Photo by WUSA on July 16, 2024. May be an image of 2 people, people playing football and text.",,31.0,C9fMB5GgjLc,https://instagram.fyzd1-3.fna.fbcdn.net/v/t51.29350-15/451575734_367949336044791_6586099033096354786_n.jpg?stp=dst-jpg_e35&_nc_ht=instagram.fyzd1-3.fna.fbcdn.net&_nc_cat=103&_nc_ohc=BUhGs0aaBXYQ7kNvgGLUsyA&edm=AOQ1c0wBAAAA&ccb=7-5&ig_cache_key=MzQxMzQ5OTk0OTE2MDIxNTI2MA%3D%3D.2-ccb7-5&oh=00_AYBFoaIbY5jf69dED3qMTcjadKVhYHF9gb1JwQygPGAggw&oe=66A7B68E&_nc_sid=8b3546,False,
32,yourwusa,2024-07-15 18:34:17,"Wondering what WUSA does? ğŸ¤” Fear not, Nick is here to clear the air once and for all ğŸ˜",,,32.0,C9dBtYJOw7H,https://instagram.fyzd1-2.fna.fbcdn.net/v/t51.29350-15/451352887_317450818112062_4746811323344629258_n.jpg?stp=dst-jpg_e15&_nc_ht=instagram.fyzd1-2.fna.fbcdn.net&_nc_cat=110&_nc_ohc=4a-V-hkGrDIQ7kNvgEm2V5s&edm=AOQ1c0wBAAAA&ccb=7-5&oh=00_AYBlCE87lQjdqeMmK0ybWukexEYG4toGH6m3RXoQsc4-MA&oe=66A79388&_nc_sid=8b3546,False,
33,yourwusa,2024-07-15 16:22:02,Ever wondered what a referendum is and how it works? Weâ€™ve got you covered! ğŸ˜Œ,,,33.0,C9cyKZDgjor,https://instagram.fyzd1-2.fna.fbcdn.net/v/t51.29350-15/451686315_508693241501062_2410326839914854070_n.jpg?stp=dst-jpg_e15_fr_p1080x1080&_nc_ht=instagram.fyzd1-2.fna.fbcdn.net&_nc_cat=110&_nc_ohc=mGwOcU9F8RwQ7kNvgFX6Iup&edm=AOQ1c0wBAAAA&ccb=7-5&oh=00_AYDpwdCS-tQinIcOtHb0vw60_3Fbhc1f05laYnkW_9M-2Q&oe=66A7A944&_nc_sid=8b3546,False,
34,yourwusa,2024-07-12 14:11:27,"Former President Rory Norris caught up with the current VP Arya Razmjoo to spill all the tea on Aryaâ€™s big plans for the year ahead!ğŸ™ï¸ 

Want the scoop? Head to our YouTube for the full podcastâ€”you wonâ€™t want to miss it! â˜•ï¸",,,34.0,C9U1RVvAPT8,https://instagram.fyzd1-3.fna.fbcdn.net/v/t51.29350-15/451079688_466827579320536_7118908144895764968_n.jpg?stp=dst-jpg_e15_fr_p1080x1080&_nc_ht=instagram.fyzd1-3.fna.fbcdn.net&_nc_cat=104&_nc_ohc=m2FuQq1t2gEQ7kNvgHDNxiZ&edm=APU89FABAAAA&ccb=7-5&oh=00_AYBXklSn-ixbdbmUi29-ETCM_9ZjCJYFS65wCTneG-3MAQ&oe=66A7AAFB&_nc_sid=bc0c2c,False,
35,yourwusa,2024-07-11 18:16:36,"A world without walls? ğŸ¤¨ Dive into this semester's first Winging It Podcast with former President Rory Norris and current President Nick Pfeifle. 

Did Nick succeed at the Lettuce Eating Club? ğŸ¤·â€â™€ï¸ Weâ€™ll let you find out for yourself! 

The full episode is on our Youtube now!

And stay tuned for the Vice-President Aryaâ€™s Address. ğŸ˜‰",,,35.0,C9SsiPdu4ix,https://instagram.fyzd1-3.fna.fbcdn.net/v/t51.29350-15/450794529_666518975678034_196149591917743828_n.jpg?stp=dst-jpg_e15_fr_p1080x1080&_nc_ht=instagram.fyzd1-3.fna.fbcdn.net&_nc_cat=106&_nc_ohc=fDpeaG7IRCMQ7kNvgHUTYHf&edm=APU89FABAAAA&ccb=7-5&oh=00_AYD767r8ADn7E2gU9ALi1zh-mSSWpH9LKLuVs7hRfDnALQ&oe=66A7A192&_nc_sid=bc0c2c,False,
36,uwawscloud,2024-07-16 03:07:03,"ğŸ” Exciting Opportunity Alert! ğŸš€

AWS Cloud Clubs UW is hosting an ML API Camp on July 22 from 6-8 PM. This hybrid event will give you hands-on experience in machine learning and API integration. ğŸ’¡ğŸ’» Join us in person (ğŸ“M3 3103) or online via Discord. ğŸŒ

Spots are limited, so don't miss this chance to boost your skills and connect with like-minded professionals. ğŸ¤âœ¨

ğŸ‘‰ Click the link in our bio to sign up! ğŸ“²

#AWSCloud #UWaterloo #MachineLearning #TechEvent",Photo by UW AWS Cloud Club in University of Waterloo. May be a graphic of poster and text.,,36.0,C9d8fQvAIfI,https://instagram.fyzd1-2.fna.fbcdn.net/v/t51.29350-15/451364022_1000792381583254_8555025712924624439_n.jpg?stp=dst-jpg_e15_fr_s1080x1080&_nc_ht=instagram.fyzd1-2.fna.fbcdn.net&_nc_cat=110&_nc_ohc=nFD9Iz53KU4Q7kNvgGrqyFX&edm=AOQ1c0wBAAAA&ccb=7-5&ig_cache_key=MzQxMzE1MDEyMzY3OTU4MjE1Mg%3D%3D.2-ccb7-5&oh=00_AYB4KF-tQra9NQXps3m2bW7eMHRe60Vp9MjDdHIACdZWwg&oe=66A7BF60&_nc_sid=8b3546,True,"{'return_id': '36', 'is_event': True, 'event_name': 'ML API Camp', 'start_time': '2024-07-22T18:00:00+00:00', 'end_time': '2024-07-22T20:00:00+00:00', 'location': 'M3 3103'}"
37,techplusuw,2024-07-23 18:02:01,"ğŸš€ Join us for an amazing Intermediate/Advanced Figma Workshop: Creating A Diary App! ğŸ“

ğŸ“… Wednesday July 24th
â° 6:30 - 8:30 pm
ğŸ“STC 0040

Come learn how to design your very own Diary App! âœ¨ Meet new friends and develop industry-level design skills! ğŸ™Œ

What youâ€™ll learn:
ğŸ”¸ Component properties 
ğŸ”¸ Design systems and external libraries 
ğŸ”¸ Advanced prototyping (animations) 
ğŸ”¸ Figma plugins
ğŸ”¸ Developer hand-off practices

ğŸ”— Sign up here: https://forms.gle/5B1upxP62n1RbSFE8
ğŸ• Pizza will be provided!

Donâ€™t miss out! See you there! ğŸŒ

#FigmaWorkshop #DiaryAppDesign #TechUW #DesignSkills #CreativeLearning","Photo by Tech+ UW ğŸŒ± on July 23, 2024. May be an image of screen, poster and text that says 'tech + UW MEVF Intermediate Figma Workshop: Creating A Diary App! Develop industry-level -level skills and enhance your efficiency in Figma by learning how to design Diary App! Come out and meet new friends! o July24th July 24th 6:30-8:30 pm Join us for an intermediate/advancet intermediate workshop where you will learn: 0 Component properties I Design systems and external libraries 0 Advanced prototyping (animations) I Figma plugins D Developer hand-off practices STC 0040 Pizza will be provided!'.",,37.0,C9xkeU_uDlL,https://instagram.fyzd1-2.fna.fbcdn.net/v/t39.30808-6/452200473_18035078246311174_4239560515019288269_n.jpg?stp=dst-jpg_e15_fr_s1080x1080&_nc_ht=instagram.fyzd1-2.fna.fbcdn.net&_nc_cat=110&_nc_ohc=mz8P4rCdrzkQ7kNvgF-UtS8&edm=AOQ1c0wAAAAA&ccb=7-5&ig_cache_key=MzQxODY3NDAwNTk1MzQ5MzMyMw%3D%3D.2-ccb7-5&oh=00_AYBg_tgbXKM6yZcqLHdDMYfHda2KxJv_wYQ6SQT3_TAGqQ&oe=66A79AA1&_nc_sid=8b3546,True,"{'return_id': '37', 'is_event': True, 'event_name': 'Intermediate/Advanced Figma Workshop: Creating A Diary App', 'start_time': '2024-07-24T18:30:00+00:00', 'end_time': '2024-07-24T20:30:00+00:00', 'location': 'STC 0040'}"
38,techplusuw,2024-07-18 00:52:28,"ğŸ”¥âœ¨ Join us for our Bonfire End of Term event in collaboration with our friends at CSC, WiCS, and Tech+ âœ¨ğŸ”¥

ğŸ“… Tuesday, July 23rd
â° 6:00 - 9:00 PM
ğŸ“Columbia Lake, Fire Pit 1

Please note this event is drop in! No need to stay for the whole time, come and go as you please, open to UWaterloo studentsğŸ˜„

Get ready for a fun evening with s'mores, hot dogs (vegan option available), drinks, freezies, and other snacksğŸ«ğŸ˜‹

Don't miss out! See you there ğŸŒ

Sign up using the link in bioğŸ”—","Photo shared by Waterloo Data Science Club on July 17, 2024 tagging @uwaterloowics, @techplusuw, and @uwcsclub. May be an image of fire, poster, night and text.",,38.0,C9i2rTsgxql,https://instagram.fyzd1-2.fna.fbcdn.net/v/t51.29350-15/451706496_847963927232973_8659837676179121399_n.webp?stp=dst-jpg_e35&_nc_ht=instagram.fyzd1-2.fna.fbcdn.net&_nc_cat=109&_nc_ohc=mxDa9DzmDW0Q7kNvgFCMgC0&edm=AOQ1c0wBAAAA&ccb=7-5&ig_cache_key=MzQxNDUzMTkzODA5NzI0MDc0MQ%3D%3D.2-ccb7-5&oh=00_AYBHayj0gZo8pIt3StPkwxA8Yaxa4sG_91x-TmH29OEq_g&oe=66A7ABAC&_nc_sid=8b3546,True,"{'return_id': '38.0', 'is_event': True, 'event_name': 'Bonfire End of Term', 'start_time': '2024-07-23T18:00:00+00:00', 'end_time': '2024-07-23T21:00:00+00:00', 'location': 'Columbia Lake, Fire Pit 1'}"
39,itshera.co,2024-07-20 01:55:05,"ğŸ“š Embracing rainy days with a good read! 

This week, weâ€™re diving into Taylor Jenkins Reidâ€™s captivating literary universe at Hera.co. Her stories are modern classics that resonate with ambitious women worldwide. From page to screen, her novel â€˜Daisy Jones and The Sixâ€™ became an Amazon Prime series last year. Whether youâ€™re a bookworm or a series buff, Taylor Jenkins Reidâ€™s creations are pure magic. ğŸŒ§ï¸ğŸ’« 

#RainyDayReads #TaylorJenkinsReid","Photo by hera.co on July 19, 2024. May be a graphic of 1 person, magazine, poster and text.",,39.0,C9oHbxDAEzS,https://instagram.fyzd1-3.fna.fbcdn.net/v/t51.29350-15/452296329_408179058924421_4728312085094632747_n.jpg?stp=dst-jpg_e35&_nc_ht=instagram.fyzd1-3.fna.fbcdn.net&_nc_cat=101&_nc_ohc=4_LCpnCpVJgQ7kNvgE8714R&edm=AOQ1c0wBAAAA&ccb=7-5&ig_cache_key=MzQxNjAxMjk5OTE1OTE4NjQ1NA%3D%3D.2-ccb7-5&oh=00_AYBy6ypBgXF05kmEYXLCyqZXEm4HNOtPE5jDDkEtKb4shw&oe=66A795FA&_nc_sid=8b3546,False,
40,itshera.co,2024-07-19 02:04:08,"Hey warriors! 

We are back with another female founder speaker:  Aditi Purohit , who is the founder of bodyhoodorg. 

Join us online on July 26 from 5-6pm (EST) to learn more!

Register through the link in our bio!

Meeting link to be shared soon!","Photo by hera.co on July 18, 2024. May be a graphic of 1 person, poster, magazine and text.",,40.0,C9ljrJOAqTl,https://instagram.fyzd1-3.fna.fbcdn.net/v/t51.29350-15/451717492_476077802041009_1557021774533754739_n.jpg?stp=dst-jpg_e35&_nc_ht=instagram.fyzd1-3.fna.fbcdn.net&_nc_cat=101&_nc_ohc=jEp1R7Op6dAQ7kNvgEoVQ1x&edm=AOQ1c0wBAAAA&ccb=7-5&ig_cache_key=MzQxNTI5Mjc4MzM5MTQ0NjMyOQ%3D%3D.2-ccb7-5&oh=00_AYDtrPm1l14IzZa4ht9_sAHVQeVuI7dusjNE8dM4cPvcuQ&oe=66A79893&_nc_sid=8b3546,True,"{'return_id': '40', 'is_event': True, 'event_name': 'Female Founder Speaker: Aditi Purohit', 'start_time': '2024-07-26T17:00:00+00:00', 'end_time': '2024-07-26T18:00:00+00:00', 'location': 'Online'}"
